[
  {
    "question": "In programming, the ternary operator is mostly defined with what symbol(s)?",
    "user_answer": "?:",
    "correct_answer": "?:",
    "point": 1
  },
  {
    "question": "Which programming language shares its name with an island in Indonesia?",
    "user_answer": "Java",
    "correct_answer": "Java",
    "point": 1
  },
  {
    "question": "On Twitter, what was the original character limit for a Tweet?",
    "user_answer": "140",
    "correct_answer": "140",
    "point": 1
  },
  {
    "question": "What internet protocol was documented in RFC 1459?",
    "user_answer": "FTP",
    "correct_answer": "IRC",
    "point": 0
  },
  {
    "question": "If you were to code software in this language you&#039;d only be able to type 0&#039;s and 1&#039;s.",
    "user_answer": "Binary",
    "correct_answer": "Binary",
    "point": 1
  }
]
